{
  "accuracy": {
    "mean": 0.5618329975222349,
    "std": 0.022192663647323772,
    "formatted": "56.18\u00b12.22%"
  },
  "sensitivity": {
    "mean": 0.22186433284177648,
    "std": 0.032801768411582305,
    "formatted": "22.19\u00b13.28%"
  },
  "specificity": {
    "mean": 0.750030314750688,
    "std": 0.03189609871937073,
    "formatted": "75.00\u00b13.19%"
  },
  "auc": {
    "mean": 0.5141241181232552,
    "std": 0.011033350399986505,
    "formatted": "51.41\u00b11.10%"
  },
  "f1": {
    "mean": 0.18045169562934946,
    "std": 0.026458695323670834,
    "formatted": "18.05\u00b12.65%"
  },
  "precision": {
    "mean": 0.23587508849813177,
    "std": 0.08971869582477411,
    "formatted": "23.59\u00b18.97%"
  },
  "recall": {
    "mean": 0.22186433284177648,
    "std": 0.032801768411582305,
    "formatted": "22.19\u00b13.28%"
  }
}