{
  "accuracy": {
    "mean": 0.5514491423130512,
    "std": 0.02359032756773769,
    "formatted": "55.14\u00b12.36%"
  },
  "sensitivity": {
    "mean": 0.2050035161614109,
    "std": 0.03950212711081351,
    "formatted": "20.50\u00b13.95%"
  },
  "specificity": {
    "mean": 0.7409878373128871,
    "std": 0.03229495734667414,
    "formatted": "74.10\u00b13.23%"
  },
  "auc": {
    "mean": 0.5201223978866396,
    "std": 0.023021798040906264,
    "formatted": "52.01\u00b12.30%"
  },
  "f1": {
    "mean": 0.17664573298217007,
    "std": 0.029900939107057007,
    "formatted": "17.66\u00b12.99%"
  },
  "precision": {
    "mean": 0.20826469556728439,
    "std": 0.05339530161988467,
    "formatted": "20.83\u00b15.34%"
  },
  "recall": {
    "mean": 0.2050035161614109,
    "std": 0.03950212711081351,
    "formatted": "20.50\u00b13.95%"
  }
}